{"cameraMode":{"drawMode":0,"name":"Shaded","section":"Shading Mode"},"sceneLighting":true,"audioPlay":false,"sceneViewState":{"m_AlwaysRefresh":false,"showFog":true,"showSkybox":true,"showFlares":true,"showImageEffects":true,"showParticleSystems":true,"showVisualEffectGraphs":true,"m_FxEnabled":true},"in2DMode":false,"pivot":{"x":-361.1418762207031,"y":12.153430938720704,"z":-154.091064453125},"rotation":{"x":0.4105675220489502,"y":0.005702869966626167,"z":-0.0020868743304163219,"w":0.9120079874992371},"size":0.9920193552970886,"orthographic":false}