{"cameraMode":{"drawMode":0,"name":"Shaded","section":"Shading Mode"},"sceneLighting":true,"audioPlay":false,"sceneViewState":{"m_AlwaysRefresh":false,"showFog":true,"showSkybox":true,"showFlares":true,"showImageEffects":true,"showParticleSystems":true,"showVisualEffectGraphs":true,"m_FxEnabled":true},"in2DMode":false,"pivot":{"x":117.75180053710938,"y":15.264350891113282,"z":-372.90728759765627},"rotation":{"x":-0.15141458809375764,"y":0.8349716663360596,"z":-0.2833499014377594,"w":-0.4472305178642273},"size":1.3716124296188355,"orthographic":false}