{"cameraMode":{"drawMode":0,"name":"Shaded","section":"Shading Mode"},"sceneLighting":false,"audioPlay":false,"sceneViewState":{"m_AlwaysRefresh":false,"showFog":true,"showSkybox":false,"showFlares":true,"showImageEffects":true,"showParticleSystems":true,"showVisualEffectGraphs":true,"m_FxEnabled":true},"in2DMode":false,"pivot":{"x":-0.5281170606613159,"y":1.6872409582138062,"z":0.3335082530975342},"rotation":{"x":-0.19843976199626923,"y":-0.7732409834861755,"z":0.5273299217224121,"w":-0.2911161184310913},"size":0.40663328766822817,"orthographic":false}